AccountID,AccountName,AccountType,TerritoryID,TerritoryName,Governorate,Region,Segment,CreditLimit,JoinDate,Status,PotentialIndex
A0001,Shebin El-Kom Pharmacy 01,Pharmacy,T01,Shebin El-Kom,Monufia,Delta,C,48500.0,2024-06-26,Active,0.83
A0002,Shebin El-Kom Pharmacy 02,Pharmacy,T01,Shebin El-Kom,Monufia,Delta,A,171900.0,2024-05-03,Active,1.69
A0003,Shebin El-Kom Pharmacy 03,Pharmacy,T01,Shebin El-Kom,Monufia,Delta,A,213500.0,2023-03-27,Active,1.48
A0004,Shebin El-Kom Pharmacy 04,Pharmacy,T01,Shebin El-Kom,Monufia,Delta,B,115100.0,2023-01-09,Active,0.89
A0005,Shebin El-Kom Pharmacy 05,Pharmacy,T01,Shebin El-Kom,Monufia,Delta,B,86000.0,2024-02-03,Active,1.08
A0006,Shebin El-Kom Pharmacy 06,Pharmacy,T01,Shebin El-Kom,Monufia,Delta,A,173400.0,2024-08-26,Active,1.77
A0007,Shebin El-Kom Hospital 07,Hospital,T01,Shebin El-Kom,Monufia,Delta,B,104500.0,2024-09-19,Active,0.88
A0008,Shebin El-Kom Pharmacy 08,Pharmacy,T01,Shebin El-Kom,Monufia,Delta,B,88800.0,2023-11-23,Active,0.95
A0009,Shebin El-Kom Clinic 09,Clinic,T01,Shebin El-Kom,Monufia,Delta,A,159000.0,2024-01-13,Active,1.43
A0010,Shebin El-Kom Pharmacy 10,Pharmacy,T01,Shebin El-Kom,Monufia,Delta,B,78800.0,2024-03-19,Active,0.87
A0011,Shebin El-Kom Pharmacy 11,Pharmacy,T01,Shebin El-Kom,Monufia,Delta,B,83600.0,2023-08-04,Active,0.99
A0012,Shebin El-Kom Pharmacy 12,Pharmacy,T01,Shebin El-Kom,Monufia,Delta,A,153400.0,2022-12-05,Active,1.48
A0013,Shebin El-Kom Pharmacy 13,Pharmacy,T01,Shebin El-Kom,Monufia,Delta,C,55000.0,2022-10-08,Active,0.82
A0014,Shebin El-Kom Hospital 14,Hospital,T01,Shebin El-Kom,Monufia,Delta,B,84400.0,2023-03-11,Active,0.99
A0015,Shebin El-Kom Pharmacy 15,Pharmacy,T01,Shebin El-Kom,Monufia,Delta,C,50800.0,2024-02-03,Active,0.73
A0016,Shebin El-Kom Pharmacy 16,Pharmacy,T01,Shebin El-Kom,Monufia,Delta,A,178100.0,2024-10-27,Active,1.63
A0017,Shebin El-Kom Clinic 17,Clinic,T01,Shebin El-Kom,Monufia,Delta,B,106400.0,2024-05-09,Active,1.09
A0018,Shebin El-Kom Hospital 18,Hospital,T01,Shebin El-Kom,Monufia,Delta,C,42100.0,2024-06-29,Active,0.75
A0019,Shebin El-Kom Hospital 19,Hospital,T01,Shebin El-Kom,Monufia,Delta,A,215800.0,2022-12-04,Active,1.76
A0020,Shebin El-Kom Pharmacy 20,Pharmacy,T01,Shebin El-Kom,Monufia,Delta,B,87100.0,2023-12-22,Active,1.13
A0021,Shebin El-Kom Clinic 21,Clinic,T01,Shebin El-Kom,Monufia,Delta,A,216800.0,2024-11-20,Active,1.51
A0022,Shebin El-Kom Pharmacy 22,Pharmacy,T01,Shebin El-Kom,Monufia,Delta,A,185900.0,2022-08-28,Active,1.42
A0023,Shebin El-Kom Clinic 23,Clinic,T01,Shebin El-Kom,Monufia,Delta,B,81900.0,2024-05-28,Active,1.05
A0024,Shebin El-Kom Clinic 24,Clinic,T01,Shebin El-Kom,Monufia,Delta,A,169000.0,2022-10-09,Active,1.42
A0025,Shebin El-Kom Clinic 25,Clinic,T01,Shebin El-Kom,Monufia,Delta,B,94200.0,2024-06-13,Active,1.19
A0026,Shebin El-Kom Hospital 26,Hospital,T01,Shebin El-Kom,Monufia,Delta,B,112200.0,2023-02-13,Active,1.09
A0027,Shebin El-Kom Pharmacy 27,Pharmacy,T01,Shebin El-Kom,Monufia,Delta,A,153000.0,2022-09-26,Active,1.36
A0028,Shebin El-Kom Hospital 28,Hospital,T01,Shebin El-Kom,Monufia,Delta,B,111400.0,2023-08-31,Active,1.14
A0029,Shebin El-Kom Pharmacy 29,Pharmacy,T01,Shebin El-Kom,Monufia,Delta,C,49800.0,2023-12-28,Active,0.8
A0030,Shebin El-Kom Pharmacy 30,Pharmacy,T01,Shebin El-Kom,Monufia,Delta,B,118100.0,2024-03-18,Active,1.19
A0031,Shebin El-Kom Pharmacy 31,Pharmacy,T01,Shebin El-Kom,Monufia,Delta,C,41300.0,2023-09-02,Active,0.91
A0032,Shebin El-Kom Pharmacy 32,Pharmacy,T01,Shebin El-Kom,Monufia,Delta,C,36400.0,2023-09-03,Active,0.65
A0033,Shebin El-Kom Pharmacy 33,Pharmacy,T01,Shebin El-Kom,Monufia,Delta,A,150800.0,2022-10-01,Active,1.52
A0034,Shebin El-Kom Pharmacy 34,Pharmacy,T01,Shebin El-Kom,Monufia,Delta,B,110200.0,2023-07-08,Active,0.97
A0035,Shebin El-Kom Distributor 35,Distributor,T01,Shebin El-Kom,Monufia,Delta,A,213200.0,2023-10-27,Active,1.3
A0036,Shebin El-Kom Pharmacy 36,Pharmacy,T01,Shebin El-Kom,Monufia,Delta,C,38700.0,2023-09-08,Active,0.73
A0037,Shebin El-Kom Pharmacy 37,Pharmacy,T01,Shebin El-Kom,Monufia,Delta,A,167100.0,2022-10-06,Active,1.75
A0038,Shebin El-Kom Pharmacy 38,Pharmacy,T01,Shebin El-Kom,Monufia,Delta,B,92700.0,2022-11-18,Active,0.89
A0039,Shebin El-Kom Pharmacy 39,Pharmacy,T01,Shebin El-Kom,Monufia,Delta,A,203500.0,2023-08-11,Active,1.53
A0040,Shebin El-Kom Pharmacy 40,Pharmacy,T01,Shebin El-Kom,Monufia,Delta,C,40500.0,2024-01-14,Active,0.69
A0041,Shebin El-Kom Hospital 41,Hospital,T01,Shebin El-Kom,Monufia,Delta,C,49300.0,2023-08-27,Active,0.91
A0042,Shebin El-Kom Pharmacy 42,Pharmacy,T01,Shebin El-Kom,Monufia,Delta,B,112100.0,2024-01-11,Active,1.24
A0043,Menouf Clinic 01,Clinic,T02,Menouf,Monufia,Delta,B,110600.0,2023-05-10,Active,1.03
A0044,Menouf Distributor 02,Distributor,T02,Menouf,Monufia,Delta,C,41000.0,2024-02-14,Active,0.63
A0045,Menouf Distributor 03,Distributor,T02,Menouf,Monufia,Delta,A,152600.0,2023-09-06,Active,1.16
A0046,Menouf Hospital 04,Hospital,T02,Menouf,Monufia,Delta,B,116400.0,2023-10-05,Active,0.91
A0047,Menouf Clinic 05,Clinic,T02,Menouf,Monufia,Delta,C,43000.0,2024-09-21,Active,0.59
A0048,Menouf Pharmacy 06,Pharmacy,T02,Menouf,Monufia,Delta,C,43500.0,2022-11-04,Active,0.64
A0049,Menouf Clinic 07,Clinic,T02,Menouf,Monufia,Delta,B,89900.0,2024-04-22,Active,0.97
A0050,Menouf Distributor 08,Distributor,T02,Menouf,Monufia,Delta,C,36900.0,2022-07-20,Active,0.68
A0051,Menouf Distributor 09,Distributor,T02,Menouf,Monufia,Delta,C,49100.0,2024-07-03,Active,0.65
A0052,Menouf Pharmacy 10,Pharmacy,T02,Menouf,Monufia,Delta,C,43000.0,2023-01-11,Active,0.65
A0053,Menouf Pharmacy 11,Pharmacy,T02,Menouf,Monufia,Delta,A,147600.0,2024-02-01,Active,1.21
A0054,Menouf Pharmacy 12,Pharmacy,T02,Menouf,Monufia,Delta,C,46000.0,2024-10-13,Active,0.55
A0055,Menouf Hospital 13,Hospital,T02,Menouf,Monufia,Delta,C,40500.0,2022-12-05,Active,0.64
A0056,Menouf Clinic 14,Clinic,T02,Menouf,Monufia,Delta,B,112000.0,2022-09-09,Active,0.82
A0057,Menouf Clinic 15,Clinic,T02,Menouf,Monufia,Delta,B,117000.0,2023-09-10,Active,1.03
A0058,Menouf Pharmacy 16,Pharmacy,T02,Menouf,Monufia,Delta,C,39000.0,2024-05-01,Active,0.65
A0059,Menouf Clinic 17,Clinic,T02,Menouf,Monufia,Delta,B,91300.0,2023-01-20,Active,0.9
A0060,Menouf Distributor 18,Distributor,T02,Menouf,Monufia,Delta,B,93400.0,2022-10-06,Active,0.91
A0061,Menouf Clinic 19,Clinic,T02,Menouf,Monufia,Delta,C,52000.0,2022-08-03,Active,0.7
A0062,Menouf Hospital 20,Hospital,T02,Menouf,Monufia,Delta,C,46300.0,2024-04-24,Active,0.69
A0063,Menouf Pharmacy 21,Pharmacy,T02,Menouf,Monufia,Delta,B,103100.0,2022-08-08,Active,0.84
A0064,Menouf Pharmacy 22,Pharmacy,T02,Menouf,Monufia,Delta,B,80600.0,2024-03-03,Active,1.06
A0065,Menouf Pharmacy 23,Pharmacy,T02,Menouf,Monufia,Delta,A,169900.0,2024-04-17,Active,1.32
A0066,Menouf Clinic 24,Clinic,T02,Menouf,Monufia,Delta,B,103300.0,2024-01-29,Active,0.89
A0067,Menouf Hospital 25,Hospital,T02,Menouf,Monufia,Delta,A,221000.0,2023-03-06,Active,1.26
A0068,Menouf Pharmacy 26,Pharmacy,T02,Menouf,Monufia,Delta,B,99700.0,2023-07-27,Active,0.93
A0069,Menouf Pharmacy 27,Pharmacy,T02,Menouf,Monufia,Delta,C,50000.0,2023-07-20,Active,0.55
A0070,Menouf Clinic 28,Clinic,T02,Menouf,Monufia,Delta,B,107300.0,2023-10-31,Active,0.75
A0071,Menouf Distributor 29,Distributor,T02,Menouf,Monufia,Delta,A,172700.0,2023-04-14,Active,1.25
A0072,Menouf Clinic 30,Clinic,T02,Menouf,Monufia,Delta,C,53200.0,2023-09-19,Active,0.65
A0073,Menouf Pharmacy 31,Pharmacy,T02,Menouf,Monufia,Delta,C,43700.0,2023-11-28,Active,0.69
A0074,Menouf Pharmacy 32,Pharmacy,T02,Menouf,Monufia,Delta,B,86300.0,2023-02-01,Active,0.79
A0075,Menouf Pharmacy 33,Pharmacy,T02,Menouf,Monufia,Delta,C,44600.0,2024-08-27,Active,0.66
A0076,Menouf Pharmacy 34,Pharmacy,T02,Menouf,Monufia,Delta,B,98600.0,2023-09-12,Active,0.95
A0077,Ashmoun Pharmacy 01,Pharmacy,T03,Ashmoun,Monufia,Delta,B,85000.0,2024-05-08,Active,0.84
A0078,Ashmoun Pharmacy 02,Pharmacy,T03,Ashmoun,Monufia,Delta,C,36600.0,2024-02-15,Active,0.74
A0079,Ashmoun Hospital 03,Hospital,T03,Ashmoun,Monufia,Delta,B,104000.0,2023-03-21,Active,0.86
A0080,Ashmoun Hospital 04,Hospital,T03,Ashmoun,Monufia,Delta,A,173300.0,2023-12-09,Active,1.4
A0081,Ashmoun Pharmacy 05,Pharmacy,T03,Ashmoun,Monufia,Delta,B,101300.0,2023-11-24,Active,0.82
A0082,Ashmoun Clinic 06,Clinic,T03,Ashmoun,Monufia,Delta,A,224000.0,2023-02-23,Active,1.38
A0083,Ashmoun Pharmacy 07,Pharmacy,T03,Ashmoun,Monufia,Delta,B,98000.0,2023-02-15,Active,0.83
A0084,Ashmoun Pharmacy 08,Pharmacy,T03,Ashmoun,Monufia,Delta,C,36700.0,2024-01-24,Active,0.6
A0085,Ashmoun Pharmacy 09,Pharmacy,T03,Ashmoun,Monufia,Delta,C,38400.0,2023-04-22,Active,0.75
A0086,Ashmoun Pharmacy 10,Pharmacy,T03,Ashmoun,Monufia,Delta,A,189500.0,2024-02-20,Active,1.13
A0087,Ashmoun Clinic 11,Clinic,T03,Ashmoun,Monufia,Delta,B,90700.0,2024-04-10,Active,1.02
A0088,Ashmoun Hospital 12,Hospital,T03,Ashmoun,Monufia,Delta,B,85300.0,2023-03-20,Active,0.84
A0089,Ashmoun Pharmacy 13,Pharmacy,T03,Ashmoun,Monufia,Delta,B,111900.0,2023-04-03,Active,0.82
A0090,Ashmoun Clinic 14,Clinic,T03,Ashmoun,Monufia,Delta,B,112900.0,2024-08-04,Active,1.12
A0091,Ashmoun Pharmacy 15,Pharmacy,T03,Ashmoun,Monufia,Delta,A,172400.0,2022-11-26,Active,1.57
A0092,Ashmoun Pharmacy 16,Pharmacy,T03,Ashmoun,Monufia,Delta,B,95200.0,2024-07-27,Active,0.97
A0093,Ashmoun Hospital 17,Hospital,T03,Ashmoun,Monufia,Delta,B,107200.0,2023-04-24,Active,1.04
A0094,Ashmoun Hospital 18,Hospital,T03,Ashmoun,Monufia,Delta,C,41400.0,2022-07-16,Active,0.6
A0095,Ashmoun Hospital 19,Hospital,T03,Ashmoun,Monufia,Delta,B,110900.0,2023-08-06,Active,0.84
A0096,Ashmoun Pharmacy 20,Pharmacy,T03,Ashmoun,Monufia,Delta,B,107900.0,2024-03-22,Active,1.09
A0097,Ashmoun Pharmacy 21,Pharmacy,T03,Ashmoun,Monufia,Delta,B,85000.0,2024-11-02,Active,0.97
A0098,Ashmoun Clinic 22,Clinic,T03,Ashmoun,Monufia,Delta,A,198900.0,2023-11-04,Active,1.18
A0099,Ashmoun Clinic 23,Clinic,T03,Ashmoun,Monufia,Delta,C,38900.0,2024-08-20,Active,0.65
A0100,Ashmoun Pharmacy 24,Pharmacy,T03,Ashmoun,Monufia,Delta,A,148200.0,2024-02-16,Active,1.37
A0101,Ashmoun Pharmacy 25,Pharmacy,T03,Ashmoun,Monufia,Delta,B,99900.0,2022-10-18,Active,0.88
A0102,Ashmoun Pharmacy 26,Pharmacy,T03,Ashmoun,Monufia,Delta,A,148100.0,2023-11-22,Active,1.27
A0103,Ashmoun Pharmacy 27,Pharmacy,T03,Ashmoun,Monufia,Delta,C,43500.0,2023-10-29,Active,0.73
A0104,Ashmoun Pharmacy 28,Pharmacy,T03,Ashmoun,Monufia,Delta,B,88600.0,2023-03-03,Active,0.94
A0105,Ashmoun Clinic 29,Clinic,T03,Ashmoun,Monufia,Delta,C,42000.0,2022-10-17,Active,0.77
A0106,Ashmoun Pharmacy 30,Pharmacy,T03,Ashmoun,Monufia,Delta,A,188000.0,2023-11-20,Active,1.29
A0107,Ashmoun Distributor 31,Distributor,T03,Ashmoun,Monufia,Delta,C,52200.0,2022-10-18,Active,0.55
A0108,Ashmoun Pharmacy 32,Pharmacy,T03,Ashmoun,Monufia,Delta,B,111800.0,2024-04-05,Active,0.98
A0109,Ashmoun Pharmacy 33,Pharmacy,T03,Ashmoun,Monufia,Delta,B,116700.0,2024-08-22,Active,1.07
A0110,Ashmoun Hospital 34,Hospital,T03,Ashmoun,Monufia,Delta,C,47900.0,2024-07-31,Active,0.65
A0111,Sadat City Pharmacy 01,Pharmacy,T04,Sadat City,Monufia,Delta,B,110400.0,2024-03-09,Active,0.83
A0112,Sadat City Hospital 02,Hospital,T04,Sadat City,Monufia,Delta,B,79100.0,2024-04-27,Active,0.96
A0113,Sadat City Pharmacy 03,Pharmacy,T04,Sadat City,Monufia,Delta,A,209000.0,2024-10-19,Active,1.56
A0114,Sadat City Distributor 04,Distributor,T04,Sadat City,Monufia,Delta,C,53600.0,2024-10-06,Active,0.71
A0115,Sadat City Distributor 05,Distributor,T04,Sadat City,Monufia,Delta,C,39200.0,2023-12-23,Active,0.64
A0116,Sadat City Pharmacy 06,Pharmacy,T04,Sadat City,Monufia,Delta,B,96300.0,2023-12-23,Active,1.01
A0117,Sadat City Clinic 07,Clinic,T04,Sadat City,Monufia,Delta,A,222300.0,2023-08-07,Active,1.73
A0118,Sadat City Pharmacy 08,Pharmacy,T04,Sadat City,Monufia,Delta,B,85700.0,2024-01-16,Active,0.84
A0119,Sadat City Pharmacy 09,Pharmacy,T04,Sadat City,Monufia,Delta,C,53300.0,2023-05-18,Active,0.85
A0120,Sadat City Pharmacy 10,Pharmacy,T04,Sadat City,Monufia,Delta,B,110700.0,2023-12-04,Active,1.02
A0121,Sadat City Pharmacy 11,Pharmacy,T04,Sadat City,Monufia,Delta,B,109300.0,2023-03-30,Active,0.91
A0122,Sadat City Hospital 12,Hospital,T04,Sadat City,Monufia,Delta,B,96200.0,2023-12-13,Active,1.0
A0123,Sadat City Pharmacy 13,Pharmacy,T04,Sadat City,Monufia,Delta,C,40900.0,2024-09-26,Active,0.71
A0124,Sadat City Hospital 14,Hospital,T04,Sadat City,Monufia,Delta,A,196300.0,2024-03-16,Active,1.35
A0125,Sadat City Distributor 15,Distributor,T04,Sadat City,Monufia,Delta,C,47400.0,2023-05-11,Active,0.59
A0126,Sadat City Pharmacy 16,Pharmacy,T04,Sadat City,Monufia,Delta,B,76300.0,2024-06-17,Active,0.85
A0127,Sadat City Pharmacy 17,Pharmacy,T04,Sadat City,Monufia,Delta,A,216200.0,2022-07-30,Active,1.2
A0128,Sadat City Pharmacy 18,Pharmacy,T04,Sadat City,Monufia,Delta,C,54200.0,2023-05-26,Active,0.65
A0129,Sadat City Pharmacy 19,Pharmacy,T04,Sadat City,Monufia,Delta,B,100300.0,2023-04-11,Active,1.11
A0130,Sadat City Clinic 20,Clinic,T04,Sadat City,Monufia,Delta,C,42600.0,2023-05-21,Active,0.76
A0131,Sadat City Clinic 21,Clinic,T04,Sadat City,Monufia,Delta,B,91400.0,2024-07-02,Active,1.14
A0132,Sadat City Clinic 22,Clinic,T04,Sadat City,Monufia,Delta,A,148500.0,2023-02-19,Active,1.59
A0133,Sadat City Clinic 23,Clinic,T04,Sadat City,Monufia,Delta,B,102700.0,2023-01-17,Active,0.87
A0134,Sadat City Clinic 24,Clinic,T04,Sadat City,Monufia,Delta,C,44700.0,2023-07-03,Active,0.79
A0135,Sadat City Pharmacy 25,Pharmacy,T04,Sadat City,Monufia,Delta,B,113800.0,2024-05-19,Active,0.95
A0136,Sadat City Pharmacy 26,Pharmacy,T04,Sadat City,Monufia,Delta,B,92200.0,2024-01-17,Active,0.94
A0137,Sadat City Pharmacy 27,Pharmacy,T04,Sadat City,Monufia,Delta,C,47000.0,2023-06-08,Active,0.69
A0138,Sadat City Pharmacy 28,Pharmacy,T04,Sadat City,Monufia,Delta,B,90000.0,2022-11-24,Active,0.89
A0139,Sadat City Pharmacy 29,Pharmacy,T04,Sadat City,Monufia,Delta,B,85100.0,2022-09-29,Active,0.84
A0140,Sadat City Hospital 30,Hospital,T04,Sadat City,Monufia,Delta,C,37700.0,2023-02-17,Active,0.65
A0141,Sadat City Pharmacy 31,Pharmacy,T04,Sadat City,Monufia,Delta,A,179800.0,2023-09-23,Active,1.27
A0142,Sadat City Pharmacy 32,Pharmacy,T04,Sadat City,Monufia,Delta,A,209200.0,2022-07-31,Active,1.23
A0143,Sadat City Clinic 33,Clinic,T04,Sadat City,Monufia,Delta,B,89600.0,2023-03-06,Active,1.17
A0144,Sadat City Pharmacy 34,Pharmacy,T04,Sadat City,Monufia,Delta,C,43900.0,2023-12-24,Active,0.62
A0145,Sadat City Pharmacy 35,Pharmacy,T04,Sadat City,Monufia,Delta,C,40800.0,2023-10-15,Active,0.67
A0146,Sadat City Pharmacy 36,Pharmacy,T04,Sadat City,Monufia,Delta,B,77700.0,2023-12-23,Active,0.84
A0147,Sadat City Pharmacy 37,Pharmacy,T04,Sadat City,Monufia,Delta,A,180300.0,2024-11-15,Active,1.66
A0148,Sadat City Clinic 38,Clinic,T04,Sadat City,Monufia,Delta,B,80700.0,2022-11-22,Active,0.84
A0149,Sadat City Pharmacy 39,Pharmacy,T04,Sadat City,Monufia,Delta,B,95300.0,2023-06-02,Active,0.96
A0150,Sadat City Distributor 40,Distributor,T04,Sadat City,Monufia,Delta,C,54900.0,2023-04-17,Active,0.67
A0151,Sadat City Pharmacy 41,Pharmacy,T04,Sadat City,Monufia,Delta,C,54500.0,2022-08-14,Active,0.73
A0152,Sadat City Pharmacy 42,Pharmacy,T04,Sadat City,Monufia,Delta,B,108500.0,2024-11-14,Active,0.98
A0153,Tanta Clinic 01,Clinic,T05,Tanta,Gharbia,Delta,C,40700.0,2024-07-26,Active,0.97
A0154,Tanta Clinic 02,Clinic,T05,Tanta,Gharbia,Delta,A,150800.0,2024-01-05,Active,2.02
A0155,Tanta Hospital 03,Hospital,T05,Tanta,Gharbia,Delta,A,210100.0,2023-04-20,Active,1.71
A0156,Tanta Pharmacy 04,Pharmacy,T05,Tanta,Gharbia,Delta,A,182100.0,2023-08-16,Active,1.69
A0157,Tanta Pharmacy 05,Pharmacy,T05,Tanta,Gharbia,Delta,C,43400.0,2022-12-29,Active,0.77
A0158,Tanta Pharmacy 06,Pharmacy,T05,Tanta,Gharbia,Delta,A,201100.0,2023-05-02,Active,1.39
A0159,Tanta Pharmacy 07,Pharmacy,T05,Tanta,Gharbia,Delta,A,190400.0,2022-07-21,Active,1.81
A0160,Tanta Distributor 08,Distributor,T05,Tanta,Gharbia,Delta,B,109100.0,2023-10-08,Active,1.16
A0161,Tanta Clinic 09,Clinic,T05,Tanta,Gharbia,Delta,C,47300.0,2024-04-27,Active,0.7
A0162,Tanta Pharmacy 10,Pharmacy,T05,Tanta,Gharbia,Delta,B,84900.0,2022-11-23,Active,1.29
A0163,Tanta Pharmacy 11,Pharmacy,T05,Tanta,Gharbia,Delta,A,196700.0,2024-11-25,Active,1.76
A0164,Tanta Pharmacy 12,Pharmacy,T05,Tanta,Gharbia,Delta,A,155700.0,2023-05-05,Active,1.45
A0165,Tanta Clinic 13,Clinic,T05,Tanta,Gharbia,Delta,C,46000.0,2023-03-01,Active,0.94
A0166,Tanta Hospital 14,Hospital,T05,Tanta,Gharbia,Delta,B,117800.0,2024-10-19,Active,1.16
A0167,Tanta Pharmacy 15,Pharmacy,T05,Tanta,Gharbia,Delta,C,41500.0,2022-08-03,Active,0.73
A0168,Tanta Hospital 16,Hospital,T05,Tanta,Gharbia,Delta,C,53200.0,2023-07-14,Active,0.69
A0169,Tanta Pharmacy 17,Pharmacy,T05,Tanta,Gharbia,Delta,B,77300.0,2023-11-20,Active,1.23
A0170,Tanta Hospital 18,Hospital,T05,Tanta,Gharbia,Delta,B,83700.0,2024-08-06,Active,1.08
A0171,Tanta Pharmacy 19,Pharmacy,T05,Tanta,Gharbia,Delta,B,98400.0,2023-05-11,Active,0.97
A0172,Tanta Pharmacy 20,Pharmacy,T05,Tanta,Gharbia,Delta,B,117700.0,2024-03-03,Active,1.2
A0173,Tanta Hospital 21,Hospital,T05,Tanta,Gharbia,Delta,A,188000.0,2024-02-22,Active,1.8
A0174,Tanta Pharmacy 22,Pharmacy,T05,Tanta,Gharbia,Delta,B,87900.0,2022-09-25,Active,1.1
A0175,Tanta Distributor 23,Distributor,T05,Tanta,Gharbia,Delta,C,43500.0,2022-10-28,Active,0.91
A0176,Tanta Pharmacy 24,Pharmacy,T05,Tanta,Gharbia,Delta,C,45700.0,2023-11-08,Active,0.88
A0177,Tanta Pharmacy 25,Pharmacy,T05,Tanta,Gharbia,Delta,C,54200.0,2023-02-11,Active,0.71
A0178,Tanta Pharmacy 26,Pharmacy,T05,Tanta,Gharbia,Delta,B,91800.0,2022-08-17,Active,0.98
A0179,Tanta Clinic 27,Clinic,T05,Tanta,Gharbia,Delta,B,99000.0,2022-07-24,Active,1.38
A0180,Tanta Pharmacy 28,Pharmacy,T05,Tanta,Gharbia,Delta,A,201600.0,2022-07-23,Active,1.62
A0181,Tanta Clinic 29,Clinic,T05,Tanta,Gharbia,Delta,A,161600.0,2023-10-13,Active,1.61
A0182,Tanta Pharmacy 30,Pharmacy,T05,Tanta,Gharbia,Delta,A,191200.0,2024-01-28,Active,2.02
A0183,Tanta Clinic 31,Clinic,T05,Tanta,Gharbia,Delta,A,194200.0,2024-03-29,Active,1.96
A0184,Tanta Pharmacy 32,Pharmacy,T05,Tanta,Gharbia,Delta,A,192700.0,2024-05-27,Active,1.97
A0185,Tanta Pharmacy 33,Pharmacy,T05,Tanta,Gharbia,Delta,A,173600.0,2024-10-18,Active,2.04
A0186,Tanta Pharmacy 34,Pharmacy,T05,Tanta,Gharbia,Delta,B,116500.0,2024-05-21,Active,1.08
A0187,Tanta Clinic 35,Clinic,T05,Tanta,Gharbia,Delta,B,99600.0,2023-11-20,Active,1.29
A0188,Tanta Pharmacy 36,Pharmacy,T05,Tanta,Gharbia,Delta,A,149400.0,2022-10-01,Active,2.02
A0189,Tanta Pharmacy 37,Pharmacy,T05,Tanta,Gharbia,Delta,C,49500.0,2023-02-19,Active,0.9
A0190,Tanta Clinic 38,Clinic,T05,Tanta,Gharbia,Delta,A,206800.0,2024-08-28,Active,1.82
A0191,Tanta Distributor 39,Distributor,T05,Tanta,Gharbia,Delta,A,178000.0,2023-02-21,Active,1.58
A0192,Tanta Pharmacy 40,Pharmacy,T05,Tanta,Gharbia,Delta,B,106400.0,2023-12-13,Active,1.2
A0193,Tanta Pharmacy 41,Pharmacy,T05,Tanta,Gharbia,Delta,B,83400.0,2022-12-05,Active,1.35
A0194,Tanta Distributor 42,Distributor,T05,Tanta,Gharbia,Delta,B,118300.0,2024-10-29,Active,1.41
A0195,El Mahalla El Kubra Distributor 01,Distributor,T06,El Mahalla El Kubra,Gharbia,Delta,B,78500.0,2023-07-29,Active,0.99
A0196,El Mahalla El Kubra Distributor 02,Distributor,T06,El Mahalla El Kubra,Gharbia,Delta,C,49600.0,2024-07-24,Active,0.8
A0197,El Mahalla El Kubra Pharmacy 03,Pharmacy,T06,El Mahalla El Kubra,Gharbia,Delta,B,90000.0,2024-09-20,Active,1.29
A0198,El Mahalla El Kubra Pharmacy 04,Pharmacy,T06,El Mahalla El Kubra,Gharbia,Delta,A,161200.0,2023-06-18,Active,1.35
A0199,El Mahalla El Kubra Clinic 05,Clinic,T06,El Mahalla El Kubra,Gharbia,Delta,A,158400.0,2023-10-05,Active,1.61
A0200,El Mahalla El Kubra Hospital 06,Hospital,T06,El Mahalla El Kubra,Gharbia,Delta,A,163100.0,2022-07-31,Active,1.68
A0201,El Mahalla El Kubra Pharmacy 07,Pharmacy,T06,El Mahalla El Kubra,Gharbia,Delta,C,36400.0,2023-07-26,Active,0.68
A0202,El Mahalla El Kubra Pharmacy 08,Pharmacy,T06,El Mahalla El Kubra,Gharbia,Delta,B,90000.0,2023-10-05,Active,1.37
A0203,El Mahalla El Kubra Pharmacy 09,Pharmacy,T06,El Mahalla El Kubra,Gharbia,Delta,B,109200.0,2024-06-13,Active,1.2
A0204,El Mahalla El Kubra Pharmacy 10,Pharmacy,T06,El Mahalla El Kubra,Gharbia,Delta,B,107100.0,2024-05-05,Active,0.99
A0205,El Mahalla El Kubra Clinic 11,Clinic,T06,El Mahalla El Kubra,Gharbia,Delta,B,102100.0,2023-12-25,Active,1.03
A0206,El Mahalla El Kubra Hospital 12,Hospital,T06,El Mahalla El Kubra,Gharbia,Delta,C,42300.0,2022-10-23,Active,0.76
A0207,El Mahalla El Kubra Clinic 13,Clinic,T06,El Mahalla El Kubra,Gharbia,Delta,A,211600.0,2023-05-17,Active,1.93
A0208,El Mahalla El Kubra Pharmacy 14,Pharmacy,T06,El Mahalla El Kubra,Gharbia,Delta,C,51000.0,2024-03-18,Active,0.69
A0209,El Mahalla El Kubra Pharmacy 15,Pharmacy,T06,El Mahalla El Kubra,Gharbia,Delta,B,94300.0,2024-06-27,Active,1.09
A0210,El Mahalla El Kubra Clinic 16,Clinic,T06,El Mahalla El Kubra,Gharbia,Delta,B,81300.0,2023-04-21,Active,0.94
A0211,El Mahalla El Kubra Clinic 17,Clinic,T06,El Mahalla El Kubra,Gharbia,Delta,C,45400.0,2024-07-12,Active,0.91
A0212,El Mahalla El Kubra Pharmacy 18,Pharmacy,T06,El Mahalla El Kubra,Gharbia,Delta,A,158800.0,2024-03-29,Active,1.78
A0213,El Mahalla El Kubra Pharmacy 19,Pharmacy,T06,El Mahalla El Kubra,Gharbia,Delta,C,36100.0,2024-09-23,Active,0.98
A0214,El Mahalla El Kubra Clinic 20,Clinic,T06,El Mahalla El Kubra,Gharbia,Delta,C,40400.0,2023-07-06,Active,0.92
A0215,El Mahalla El Kubra Pharmacy 21,Pharmacy,T06,El Mahalla El Kubra,Gharbia,Delta,C,45900.0,2023-12-19,Active,0.73
A0216,El Mahalla El Kubra Pharmacy 22,Pharmacy,T06,El Mahalla El Kubra,Gharbia,Delta,A,183700.0,2024-02-02,Active,1.73
A0217,El Mahalla El Kubra Pharmacy 23,Pharmacy,T06,El Mahalla El Kubra,Gharbia,Delta,B,82200.0,2023-02-14,Active,1.21
A0218,El Mahalla El Kubra Pharmacy 24,Pharmacy,T06,El Mahalla El Kubra,Gharbia,Delta,B,90000.0,2024-03-19,Active,1.18
A0219,El Mahalla El Kubra Pharmacy 25,Pharmacy,T06,El Mahalla El Kubra,Gharbia,Delta,C,51100.0,2024-03-31,Active,0.87
A0220,El Mahalla El Kubra Pharmacy 26,Pharmacy,T06,El Mahalla El Kubra,Gharbia,Delta,B,91400.0,2024-03-18,Active,1.3
A0221,El Mahalla El Kubra Pharmacy 27,Pharmacy,T06,El Mahalla El Kubra,Gharbia,Delta,C,42700.0,2022-12-21,Active,0.87
A0222,El Mahalla El Kubra Pharmacy 28,Pharmacy,T06,El Mahalla El Kubra,Gharbia,Delta,A,224200.0,2024-09-02,Active,1.79
A0223,El Mahalla El Kubra Clinic 29,Clinic,T06,El Mahalla El Kubra,Gharbia,Delta,C,52100.0,2024-05-28,Active,0.73
A0224,El Mahalla El Kubra Pharmacy 30,Pharmacy,T06,El Mahalla El Kubra,Gharbia,Delta,B,112800.0,2024-02-06,Active,0.94
A0225,El Mahalla El Kubra Pharmacy 31,Pharmacy,T06,El Mahalla El Kubra,Gharbia,Delta,C,45700.0,2023-10-27,Active,0.91
A0226,El Mahalla El Kubra Hospital 32,Hospital,T06,El Mahalla El Kubra,Gharbia,Delta,C,50200.0,2022-08-28,Active,0.85
A0227,El Mahalla El Kubra Pharmacy 33,Pharmacy,T06,El Mahalla El Kubra,Gharbia,Delta,C,54700.0,2022-10-21,Active,0.75
A0228,El Mahalla El Kubra Pharmacy 34,Pharmacy,T06,El Mahalla El Kubra,Gharbia,Delta,B,95800.0,2023-05-20,Active,1.1
A0229,El Mahalla El Kubra Pharmacy 35,Pharmacy,T06,El Mahalla El Kubra,Gharbia,Delta,B,81500.0,2023-06-17,Active,1.28
A0230,El Mahalla El Kubra Pharmacy 36,Pharmacy,T06,El Mahalla El Kubra,Gharbia,Delta,A,181400.0,2023-01-04,Active,1.96
A0231,El Mahalla El Kubra Pharmacy 37,Pharmacy,T06,El Mahalla El Kubra,Gharbia,Delta,C,43600.0,2023-09-30,Active,0.66
A0232,El Mahalla El Kubra Pharmacy 38,Pharmacy,T06,El Mahalla El Kubra,Gharbia,Delta,B,106300.0,2023-01-09,Active,1.34
A0233,El Mahalla El Kubra Clinic 39,Clinic,T06,El Mahalla El Kubra,Gharbia,Delta,B,76400.0,2023-10-13,Active,1.33
A0234,El Mahalla El Kubra Clinic 40,Clinic,T06,El Mahalla El Kubra,Gharbia,Delta,B,79600.0,2024-09-02,Active,0.97
A0235,El Mahalla El Kubra Clinic 41,Clinic,T06,El Mahalla El Kubra,Gharbia,Delta,B,105900.0,2022-08-28,Active,1.14
A0236,El Mahalla El Kubra Pharmacy 42,Pharmacy,T06,El Mahalla El Kubra,Gharbia,Delta,C,46200.0,2022-07-19,Active,0.89
A0237,Benha Hospital 01,Hospital,T07,Benha,Qalyubia,Greater Cairo North,B,110100.0,2024-09-13,Active,0.91
A0238,Benha Clinic 02,Clinic,T07,Benha,Qalyubia,Greater Cairo North,B,102500.0,2024-09-23,Active,1.13
A0239,Benha Clinic 03,Clinic,T07,Benha,Qalyubia,Greater Cairo North,B,94100.0,2024-07-04,Active,1.24
A0240,Benha Pharmacy 04,Pharmacy,T07,Benha,Qalyubia,Greater Cairo North,B,116200.0,2024-08-16,Active,1.02
A0241,Benha Pharmacy 05,Pharmacy,T07,Benha,Qalyubia,Greater Cairo North,C,41700.0,2022-12-29,Active,0.71
A0242,Benha Pharmacy 06,Pharmacy,T07,Benha,Qalyubia,Greater Cairo North,C,45200.0,2024-04-11,Active,0.78
A0243,Benha Clinic 07,Clinic,T07,Benha,Qalyubia,Greater Cairo North,C,45300.0,2022-11-01,Active,0.89
A0244,Benha Pharmacy 08,Pharmacy,T07,Benha,Qalyubia,Greater Cairo North,B,110700.0,2024-05-28,Active,1.17
A0245,Benha Pharmacy 09,Pharmacy,T07,Benha,Qalyubia,Greater Cairo North,B,111700.0,2023-01-05,Active,1.19
A0246,Benha Pharmacy 10,Pharmacy,T07,Benha,Qalyubia,Greater Cairo North,B,76900.0,2024-08-20,Active,1.15
A0247,Benha Clinic 11,Clinic,T07,Benha,Qalyubia,Greater Cairo North,A,208200.0,2024-03-24,Active,1.44
A0248,Benha Pharmacy 12,Pharmacy,T07,Benha,Qalyubia,Greater Cairo North,C,51900.0,2023-03-01,Active,0.71
A0249,Benha Clinic 13,Clinic,T07,Benha,Qalyubia,Greater Cairo North,B,79400.0,2022-08-30,Active,1.11
A0250,Benha Pharmacy 14,Pharmacy,T07,Benha,Qalyubia,Greater Cairo North,A,189700.0,2024-07-08,Active,1.22
A0251,Benha Pharmacy 15,Pharmacy,T07,Benha,Qalyubia,Greater Cairo North,B,82700.0,2022-12-27,Active,1.2
A0252,Benha Pharmacy 16,Pharmacy,T07,Benha,Qalyubia,Greater Cairo North,B,87300.0,2023-03-10,Active,0.97
A0253,Benha Pharmacy 17,Pharmacy,T07,Benha,Qalyubia,Greater Cairo North,A,212800.0,2024-11-14,Active,1.59
A0254,Benha Hospital 18,Hospital,T07,Benha,Qalyubia,Greater Cairo North,B,96100.0,2023-12-05,Active,1.16
A0255,Benha Pharmacy 19,Pharmacy,T07,Benha,Qalyubia,Greater Cairo North,B,80900.0,2024-05-28,Active,1.08
A0256,Benha Clinic 20,Clinic,T07,Benha,Qalyubia,Greater Cairo North,B,91400.0,2024-10-27,Active,0.9
A0257,Benha Pharmacy 21,Pharmacy,T07,Benha,Qalyubia,Greater Cairo North,C,48000.0,2024-10-19,Active,0.62
A0258,Benha Distributor 22,Distributor,T07,Benha,Qalyubia,Greater Cairo North,B,81500.0,2022-10-31,Active,0.92
A0259,Benha Pharmacy 23,Pharmacy,T07,Benha,Qalyubia,Greater Cairo North,C,37600.0,2024-05-25,Active,0.75
A0260,Benha Pharmacy 24,Pharmacy,T07,Benha,Qalyubia,Greater Cairo North,A,168500.0,2023-04-09,Active,1.82
A0261,Benha Clinic 25,Clinic,T07,Benha,Qalyubia,Greater Cairo North,A,214800.0,2023-03-31,Active,1.71
A0262,Benha Pharmacy 26,Pharmacy,T07,Benha,Qalyubia,Greater Cairo North,C,37000.0,2023-03-10,Active,0.88
A0263,Benha Pharmacy 27,Pharmacy,T07,Benha,Qalyubia,Greater Cairo North,C,36300.0,2024-08-29,Active,0.84
A0264,Benha Pharmacy 28,Pharmacy,T07,Benha,Qalyubia,Greater Cairo North,A,160200.0,2023-10-07,Active,1.53
A0265,Benha Distributor 29,Distributor,T07,Benha,Qalyubia,Greater Cairo North,B,78900.0,2023-06-15,Active,1.16
A0266,Benha Pharmacy 30,Pharmacy,T07,Benha,Qalyubia,Greater Cairo North,C,40800.0,2024-08-29,Active,0.64
A0267,Benha Pharmacy 31,Pharmacy,T07,Benha,Qalyubia,Greater Cairo North,B,83200.0,2023-10-15,Active,1.23
A0268,Benha Clinic 32,Clinic,T07,Benha,Qalyubia,Greater Cairo North,C,53100.0,2022-12-23,Active,0.75
A0269,Benha Hospital 33,Hospital,T07,Benha,Qalyubia,Greater Cairo North,B,91300.0,2023-02-18,Active,1.07
A0270,Benha Pharmacy 34,Pharmacy,T07,Benha,Qalyubia,Greater Cairo North,B,114000.0,2023-03-01,Active,1.04
A0271,Benha Pharmacy 35,Pharmacy,T07,Benha,Qalyubia,Greater Cairo North,B,99700.0,2024-05-27,Active,1.21
A0272,Benha Clinic 36,Clinic,T07,Benha,Qalyubia,Greater Cairo North,B,118300.0,2022-09-21,Active,1.06
A0273,Benha Pharmacy 37,Pharmacy,T07,Benha,Qalyubia,Greater Cairo North,A,192100.0,2023-10-18,Active,1.57
A0274,Benha Pharmacy 38,Pharmacy,T07,Benha,Qalyubia,Greater Cairo North,A,194000.0,2024-02-03,Active,1.43
A0275,Benha Pharmacy 39,Pharmacy,T07,Benha,Qalyubia,Greater Cairo North,B,88600.0,2024-07-05,Active,0.89
A0276,Benha Pharmacy 40,Pharmacy,T07,Benha,Qalyubia,Greater Cairo North,B,103400.0,2022-12-04,Active,1.12
A0277,Benha Pharmacy 41,Pharmacy,T07,Benha,Qalyubia,Greater Cairo North,B,77700.0,2024-01-21,Active,0.97
A0278,Benha Distributor 42,Distributor,T07,Benha,Qalyubia,Greater Cairo North,A,151500.0,2023-07-29,Active,1.67
A0279,Shubra El Kheima Pharmacy 01,Pharmacy,T08,Shubra El Kheima,Qalyubia,Greater Cairo North,C,50400.0,2024-10-01,Active,0.87
A0280,Shubra El Kheima Pharmacy 02,Pharmacy,T08,Shubra El Kheima,Qalyubia,Greater Cairo North,A,196600.0,2024-04-14,Active,1.67
A0281,Shubra El Kheima Pharmacy 03,Pharmacy,T08,Shubra El Kheima,Qalyubia,Greater Cairo North,A,217800.0,2024-01-21,Active,1.76
A0282,Shubra El Kheima Pharmacy 04,Pharmacy,T08,Shubra El Kheima,Qalyubia,Greater Cairo North,B,82200.0,2023-05-06,Active,1.31
A0283,Shubra El Kheima Pharmacy 05,Pharmacy,T08,Shubra El Kheima,Qalyubia,Greater Cairo North,A,214100.0,2023-12-26,Active,2.07
A0284,Shubra El Kheima Clinic 06,Clinic,T08,Shubra El Kheima,Qalyubia,Greater Cairo North,C,43300.0,2022-10-28,Active,0.8
A0285,Shubra El Kheima Pharmacy 07,Pharmacy,T08,Shubra El Kheima,Qalyubia,Greater Cairo North,C,54600.0,2023-04-21,Active,0.81
A0286,Shubra El Kheima Pharmacy 08,Pharmacy,T08,Shubra El Kheima,Qalyubia,Greater Cairo North,B,88500.0,2024-10-05,Active,1.29
A0287,Shubra El Kheima Pharmacy 09,Pharmacy,T08,Shubra El Kheima,Qalyubia,Greater Cairo North,C,47900.0,2023-01-14,Active,0.84
A0288,Shubra El Kheima Pharmacy 10,Pharmacy,T08,Shubra El Kheima,Qalyubia,Greater Cairo North,C,49400.0,2024-02-24,Active,0.95
A0289,Shubra El Kheima Distributor 11,Distributor,T08,Shubra El Kheima,Qalyubia,Greater Cairo North,A,200500.0,2023-04-29,Active,1.6
A0290,Shubra El Kheima Clinic 12,Clinic,T08,Shubra El Kheima,Qalyubia,Greater Cairo North,A,158900.0,2023-07-17,Active,1.78
A0291,Shubra El Kheima Pharmacy 13,Pharmacy,T08,Shubra El Kheima,Qalyubia,Greater Cairo North,B,100300.0,2024-08-24,Active,1.29
A0292,Shubra El Kheima Pharmacy 14,Pharmacy,T08,Shubra El Kheima,Qalyubia,Greater Cairo North,C,55900.0,2024-02-17,Active,0.97
A0293,Shubra El Kheima Pharmacy 15,Pharmacy,T08,Shubra El Kheima,Qalyubia,Greater Cairo North,B,78100.0,2023-01-05,Active,0.97
A0294,Shubra El Kheima Clinic 16,Clinic,T08,Shubra El Kheima,Qalyubia,Greater Cairo North,A,193300.0,2022-09-23,Active,1.7
A0295,Shubra El Kheima Pharmacy 17,Pharmacy,T08,Shubra El Kheima,Qalyubia,Greater Cairo North,C,43200.0,2023-03-01,Active,0.76
A0296,Shubra El Kheima Pharmacy 18,Pharmacy,T08,Shubra El Kheima,Qalyubia,Greater Cairo North,C,44600.0,2022-10-02,Active,1.03
A0297,Shubra El Kheima Clinic 19,Clinic,T08,Shubra El Kheima,Qalyubia,Greater Cairo North,B,110100.0,2023-07-11,Active,1.17
A0298,Shubra El Kheima Distributor 20,Distributor,T08,Shubra El Kheima,Qalyubia,Greater Cairo North,A,175500.0,2024-03-27,Active,1.43
A0299,Shubra El Kheima Pharmacy 21,Pharmacy,T08,Shubra El Kheima,Qalyubia,Greater Cairo North,B,115200.0,2022-12-15,Active,1.01
A0300,Shubra El Kheima Pharmacy 22,Pharmacy,T08,Shubra El Kheima,Qalyubia,Greater Cairo North,C,40000.0,2024-02-01,Active,1.03
A0301,Shubra El Kheima Clinic 23,Clinic,T08,Shubra El Kheima,Qalyubia,Greater Cairo North,C,52300.0,2023-11-24,Active,0.75
A0302,Shubra El Kheima Pharmacy 24,Pharmacy,T08,Shubra El Kheima,Qalyubia,Greater Cairo North,A,175500.0,2024-04-05,Active,1.57
A0303,Shubra El Kheima Clinic 25,Clinic,T08,Shubra El Kheima,Qalyubia,Greater Cairo North,B,97400.0,2023-11-25,Active,1.19
A0304,Shubra El Kheima Pharmacy 26,Pharmacy,T08,Shubra El Kheima,Qalyubia,Greater Cairo North,B,114200.0,2023-09-13,Active,1.02
A0305,Shubra El Kheima Hospital 27,Hospital,T08,Shubra El Kheima,Qalyubia,Greater Cairo North,C,36900.0,2023-10-09,Active,0.75
A0306,Shubra El Kheima Pharmacy 28,Pharmacy,T08,Shubra El Kheima,Qalyubia,Greater Cairo North,C,40700.0,2024-09-23,Active,1.0
A0307,Shubra El Kheima Pharmacy 29,Pharmacy,T08,Shubra El Kheima,Qalyubia,Greater Cairo North,A,195000.0,2023-09-06,Active,1.87
A0308,Shubra El Kheima Pharmacy 30,Pharmacy,T08,Shubra El Kheima,Qalyubia,Greater Cairo North,C,47600.0,2023-12-28,Active,1.0
A0309,Shubra El Kheima Hospital 31,Hospital,T08,Shubra El Kheima,Qalyubia,Greater Cairo North,B,87700.0,2023-12-28,Active,1.02
A0310,Shubra El Kheima Pharmacy 32,Pharmacy,T08,Shubra El Kheima,Qalyubia,Greater Cairo North,A,160800.0,2024-04-18,Active,1.85
A0311,Shubra El Kheima Pharmacy 33,Pharmacy,T08,Shubra El Kheima,Qalyubia,Greater Cairo North,C,42300.0,2022-10-21,Active,0.89
A0312,Shubra El Kheima Clinic 34,Clinic,T08,Shubra El Kheima,Qalyubia,Greater Cairo North,A,220500.0,2024-03-26,Active,1.48
A0313,Shubra El Kheima Pharmacy 35,Pharmacy,T08,Shubra El Kheima,Qalyubia,Greater Cairo North,C,48700.0,2023-07-09,Active,0.81
A0314,Shubra El Kheima Pharmacy 36,Pharmacy,T08,Shubra El Kheima,Qalyubia,Greater Cairo North,C,47800.0,2023-11-16,Active,0.96
A0315,Shubra El Kheima Pharmacy 37,Pharmacy,T08,Shubra El Kheima,Qalyubia,Greater Cairo North,B,85100.0,2024-02-11,Active,1.13
A0316,Shubra El Kheima Hospital 38,Hospital,T08,Shubra El Kheima,Qalyubia,Greater Cairo North,B,114800.0,2024-04-04,Active,1.22
A0317,Shubra El Kheima Pharmacy 39,Pharmacy,T08,Shubra El Kheima,Qalyubia,Greater Cairo North,B,99600.0,2023-10-25,Active,1.07
A0318,Shubra El Kheima Clinic 40,Clinic,T08,Shubra El Kheima,Qalyubia,Greater Cairo North,B,81000.0,2024-07-27,Active,1.1
A0319,Shubra El Kheima Pharmacy 41,Pharmacy,T08,Shubra El Kheima,Qalyubia,Greater Cairo North,C,45900.0,2023-11-09,Active,0.82
A0320,Shubra El Kheima Hospital 42,Hospital,T08,Shubra El Kheima,Qalyubia,Greater Cairo North,B,85200.0,2023-06-14,Active,1.11
A0321,Shubra El Kheima Pharmacy 43,Pharmacy,T08,Shubra El Kheima,Qalyubia,Greater Cairo North,C,37800.0,2024-05-18,Active,0.85
A0322,Shubra El Kheima Pharmacy 44,Pharmacy,T08,Shubra El Kheima,Qalyubia,Greater Cairo North,C,49800.0,2024-04-25,Active,0.95
A0323,Shubra El Kheima Hospital 45,Hospital,T08,Shubra El Kheima,Qalyubia,Greater Cairo North,A,175000.0,2023-08-12,Active,1.62
A0324,Shubra El Kheima Clinic 46,Clinic,T08,Shubra El Kheima,Qalyubia,Greater Cairo North,A,150500.0,2023-11-29,Active,2.02
A0325,Shubra El Kheima Pharmacy 47,Pharmacy,T08,Shubra El Kheima,Qalyubia,Greater Cairo North,B,87500.0,2024-05-23,Active,1.41
A0326,Shubra El Kheima Pharmacy 48,Pharmacy,T08,Shubra El Kheima,Qalyubia,Greater Cairo North,C,40200.0,2024-01-02,Active,0.95
A0327,Qalyub Pharmacy 01,Pharmacy,T09,Qalyub,Qalyubia,Greater Cairo North,A,173100.0,2024-06-18,Active,1.07
A0328,Qalyub Clinic 02,Clinic,T09,Qalyub,Qalyubia,Greater Cairo North,B,79800.0,2022-08-15,Active,1.04
A0329,Qalyub Distributor 03,Distributor,T09,Qalyub,Qalyubia,Greater Cairo North,B,114300.0,2023-07-13,Active,1.01
A0330,Qalyub Pharmacy 04,Pharmacy,T09,Qalyub,Qalyubia,Greater Cairo North,B,79800.0,2024-02-25,Active,0.8
A0331,Qalyub Pharmacy 05,Pharmacy,T09,Qalyub,Qalyubia,Greater Cairo North,B,95700.0,2022-11-24,Active,0.78
A0332,Qalyub Clinic 06,Clinic,T09,Qalyub,Qalyubia,Greater Cairo North,B,83000.0,2022-08-28,Active,0.79
A0333,Qalyub Pharmacy 07,Pharmacy,T09,Qalyub,Qalyubia,Greater Cairo North,B,108400.0,2023-02-03,Active,0.91
A0334,Qalyub Pharmacy 08,Pharmacy,T09,Qalyub,Qalyubia,Greater Cairo North,C,43700.0,2024-09-06,Active,0.58
A0335,Qalyub Pharmacy 09,Pharmacy,T09,Qalyub,Qalyubia,Greater Cairo North,C,49300.0,2023-10-21,Active,0.69
A0336,Qalyub Clinic 10,Clinic,T09,Qalyub,Qalyubia,Greater Cairo North,C,42500.0,2023-01-02,Active,0.7
A0337,Qalyub Clinic 11,Clinic,T09,Qalyub,Qalyubia,Greater Cairo North,A,181400.0,2023-09-01,Active,1.2
A0338,Qalyub Pharmacy 12,Pharmacy,T09,Qalyub,Qalyubia,Greater Cairo North,A,184100.0,2024-09-16,Active,1.46
A0339,Qalyub Pharmacy 13,Pharmacy,T09,Qalyub,Qalyubia,Greater Cairo North,A,191300.0,2022-10-10,Active,1.56
A0340,Qalyub Pharmacy 14,Pharmacy,T09,Qalyub,Qalyubia,Greater Cairo North,B,116400.0,2023-03-30,Active,1.0
A0341,Qalyub Pharmacy 15,Pharmacy,T09,Qalyub,Qalyubia,Greater Cairo North,A,203400.0,2023-01-09,Active,1.3
A0342,Qalyub Pharmacy 16,Pharmacy,T09,Qalyub,Qalyubia,Greater Cairo North,A,218900.0,2023-03-08,Active,1.18
A0343,Qalyub Hospital 17,Hospital,T09,Qalyub,Qalyubia,Greater Cairo North,C,55800.0,2024-07-18,Active,0.64
A0344,Qalyub Clinic 18,Clinic,T09,Qalyub,Qalyubia,Greater Cairo North,C,52500.0,2023-06-18,Active,0.71
A0345,Qalyub Pharmacy 19,Pharmacy,T09,Qalyub,Qalyubia,Greater Cairo North,B,107300.0,2023-02-20,Active,0.87
A0346,Qalyub Clinic 20,Clinic,T09,Qalyub,Qalyubia,Greater Cairo North,B,109600.0,2022-12-23,Active,0.93
A0347,Qalyub Pharmacy 21,Pharmacy,T09,Qalyub,Qalyubia,Greater Cairo North,A,153200.0,2023-06-25,Active,1.36
A0348,Qalyub Clinic 22,Clinic,T09,Qalyub,Qalyubia,Greater Cairo North,B,86200.0,2023-01-18,Active,0.77
A0349,Qalyub Clinic 23,Clinic,T09,Qalyub,Qalyubia,Greater Cairo North,A,200600.0,2023-10-12,Active,1.17
A0350,Qalyub Clinic 24,Clinic,T09,Qalyub,Qalyubia,Greater Cairo North,C,45600.0,2024-07-03,Active,0.64
A0351,Qalyub Pharmacy 25,Pharmacy,T09,Qalyub,Qalyubia,Greater Cairo North,C,47500.0,2023-04-21,Active,0.56
A0352,Qalyub Pharmacy 26,Pharmacy,T09,Qalyub,Qalyubia,Greater Cairo North,B,77000.0,2022-08-31,Active,1.01
A0353,Qalyub Pharmacy 27,Pharmacy,T09,Qalyub,Qalyubia,Greater Cairo North,B,113700.0,2024-06-29,Active,0.85
A0354,Qalyub Clinic 28,Clinic,T09,Qalyub,Qalyubia,Greater Cairo North,C,41900.0,2024-11-16,Active,0.72
A0355,Qalyub Pharmacy 29,Pharmacy,T09,Qalyub,Qalyubia,Greater Cairo North,B,116500.0,2024-11-21,Active,0.72
A0356,Qalyub Pharmacy 30,Pharmacy,T09,Qalyub,Qalyubia,Greater Cairo North,B,102300.0,2024-04-08,Active,0.75
A0357,Qalyub Pharmacy 31,Pharmacy,T09,Qalyub,Qalyubia,Greater Cairo North,B,101200.0,2022-11-07,Active,0.86
A0358,Qalyub Pharmacy 32,Pharmacy,T09,Qalyub,Qalyubia,Greater Cairo North,A,184300.0,2022-07-21,Active,1.56
A0359,Qalyub Pharmacy 33,Pharmacy,T09,Qalyub,Qalyubia,Greater Cairo North,B,83900.0,2024-08-08,Active,0.93
A0360,Qalyub Clinic 34,Clinic,T09,Qalyub,Qalyubia,Greater Cairo North,C,55700.0,2022-11-12,Active,0.57
A0361,Maadi Pharmacy 01,Pharmacy,T10,Maadi,Cairo,Greater Cairo,B,105600.0,2023-06-07,Active,1.2
A0362,Maadi Distributor 02,Distributor,T10,Maadi,Cairo,Greater Cairo,B,92600.0,2024-06-27,Active,1.41
A0363,Maadi Distributor 03,Distributor,T10,Maadi,Cairo,Greater Cairo,A,199400.0,2022-10-10,Active,2.11
A0364,Maadi Distributor 04,Distributor,T10,Maadi,Cairo,Greater Cairo,B,86000.0,2024-07-11,Active,1.33
A0365,Maadi Pharmacy 05,Pharmacy,T10,Maadi,Cairo,Greater Cairo,B,77200.0,2024-11-03,Active,1.19
A0366,Maadi Pharmacy 06,Pharmacy,T10,Maadi,Cairo,Greater Cairo,C,44200.0,2022-09-10,Active,0.79
A0367,Maadi Pharmacy 07,Pharmacy,T10,Maadi,Cairo,Greater Cairo,C,51900.0,2022-11-30,Active,0.79
A0368,Maadi Pharmacy 08,Pharmacy,T10,Maadi,Cairo,Greater Cairo,B,93100.0,2024-06-16,Active,1.06
A0369,Maadi Distributor 09,Distributor,T10,Maadi,Cairo,Greater Cairo,C,54100.0,2024-08-15,Active,0.84
A0370,Maadi Pharmacy 10,Pharmacy,T10,Maadi,Cairo,Greater Cairo,B,84100.0,2024-07-17,Active,1.25
A0371,Maadi Distributor 11,Distributor,T10,Maadi,Cairo,Greater Cairo,B,96100.0,2023-07-29,Active,1.48
A0372,Maadi Clinic 12,Clinic,T10,Maadi,Cairo,Greater Cairo,B,78600.0,2024-08-14,Active,1.13
A0373,Maadi Clinic 13,Clinic,T10,Maadi,Cairo,Greater Cairo,B,117100.0,2023-10-11,Active,1.49
A0374,Maadi Clinic 14,Clinic,T10,Maadi,Cairo,Greater Cairo,A,172400.0,2023-10-22,Active,1.83
A0375,Maadi Clinic 15,Clinic,T10,Maadi,Cairo,Greater Cairo,B,116100.0,2022-12-28,Active,1.38
A0376,Maadi Hospital 16,Hospital,T10,Maadi,Cairo,Greater Cairo,B,109600.0,2023-05-17,Active,1.03
A0377,Maadi Pharmacy 17,Pharmacy,T10,Maadi,Cairo,Greater Cairo,A,170600.0,2024-09-26,Active,1.94
A0378,Maadi Pharmacy 18,Pharmacy,T10,Maadi,Cairo,Greater Cairo,C,50700.0,2023-07-18,Active,0.76
A0379,Maadi Hospital 19,Hospital,T10,Maadi,Cairo,Greater Cairo,A,205300.0,2024-01-09,Active,1.54
A0380,Maadi Pharmacy 20,Pharmacy,T10,Maadi,Cairo,Greater Cairo,B,94100.0,2023-02-20,Active,1.52
A0381,Maadi Distributor 21,Distributor,T10,Maadi,Cairo,Greater Cairo,A,149000.0,2023-10-17,Active,2.16
A0382,Maadi Clinic 22,Clinic,T10,Maadi,Cairo,Greater Cairo,C,41500.0,2023-12-12,Active,0.96
A0383,Maadi Pharmacy 23,Pharmacy,T10,Maadi,Cairo,Greater Cairo,A,197800.0,2023-09-29,Active,2.06
A0384,Maadi Distributor 24,Distributor,T10,Maadi,Cairo,Greater Cairo,B,107200.0,2024-10-27,Active,1.14
A0385,Maadi Pharmacy 25,Pharmacy,T10,Maadi,Cairo,Greater Cairo,A,204000.0,2024-04-30,Active,1.96
A0386,Maadi Hospital 26,Hospital,T10,Maadi,Cairo,Greater Cairo,B,117800.0,2023-09-18,Active,1.31
A0387,Maadi Pharmacy 27,Pharmacy,T10,Maadi,Cairo,Greater Cairo,C,50800.0,2024-01-09,Active,0.77
A0388,Maadi Pharmacy 28,Pharmacy,T10,Maadi,Cairo,Greater Cairo,B,115100.0,2024-04-10,Active,1.2
A0389,Maadi Clinic 29,Clinic,T10,Maadi,Cairo,Greater Cairo,B,103300.0,2024-03-11,Active,1.21
A0390,Maadi Pharmacy 30,Pharmacy,T10,Maadi,Cairo,Greater Cairo,C,43200.0,2024-11-22,Active,0.84
A0391,Maadi Pharmacy 31,Pharmacy,T10,Maadi,Cairo,Greater Cairo,C,36000.0,2023-01-19,Active,0.76
A0392,Maadi Pharmacy 32,Pharmacy,T10,Maadi,Cairo,Greater Cairo,C,39800.0,2024-09-25,Active,0.8
A0393,Maadi Distributor 33,Distributor,T10,Maadi,Cairo,Greater Cairo,C,37600.0,2024-06-30,Active,0.85
A0394,Maadi Hospital 34,Hospital,T10,Maadi,Cairo,Greater Cairo,B,83500.0,2024-03-28,Active,1.36
A0395,Maadi Clinic 35,Clinic,T10,Maadi,Cairo,Greater Cairo,B,101700.0,2022-12-31,Active,1.06
A0396,Maadi Clinic 36,Clinic,T10,Maadi,Cairo,Greater Cairo,A,176600.0,2023-03-13,Active,1.64
A0397,Maadi Pharmacy 37,Pharmacy,T10,Maadi,Cairo,Greater Cairo,B,93500.0,2023-02-24,Active,1.48
A0398,Maadi Pharmacy 38,Pharmacy,T10,Maadi,Cairo,Greater Cairo,C,40500.0,2024-03-01,Active,1.05
A0399,Maadi Clinic 39,Clinic,T10,Maadi,Cairo,Greater Cairo,B,115400.0,2023-10-12,Active,1.26
A0400,Maadi Pharmacy 40,Pharmacy,T10,Maadi,Cairo,Greater Cairo,B,90300.0,2022-09-07,Active,1.21
A0401,Maadi Pharmacy 41,Pharmacy,T10,Maadi,Cairo,Greater Cairo,B,116000.0,2024-05-22,Active,1.3
A0402,Maadi Pharmacy 42,Pharmacy,T10,Maadi,Cairo,Greater Cairo,C,43900.0,2024-01-17,Active,0.86
A0403,Maadi Pharmacy 43,Pharmacy,T10,Maadi,Cairo,Greater Cairo,B,82000.0,2024-07-13,Active,1.33
A0404,Maadi Pharmacy 44,Pharmacy,T10,Maadi,Cairo,Greater Cairo,C,47200.0,2024-06-27,Active,0.9
A0405,Maadi Pharmacy 45,Pharmacy,T10,Maadi,Cairo,Greater Cairo,B,79400.0,2023-07-26,Active,1.26
A0406,Maadi Pharmacy 46,Pharmacy,T10,Maadi,Cairo,Greater Cairo,A,187800.0,2024-05-26,Active,1.63
A0407,Maadi Hospital 47,Hospital,T10,Maadi,Cairo,Greater Cairo,B,84100.0,2024-03-29,Active,1.26
A0408,Maadi Pharmacy 48,Pharmacy,T10,Maadi,Cairo,Greater Cairo,B,86600.0,2023-04-09,Active,1.5
A0409,Nasr City Distributor 01,Distributor,T11,Nasr City,Cairo,Greater Cairo,B,81400.0,2023-09-11,Active,1.18
A0410,Nasr City Pharmacy 02,Pharmacy,T11,Nasr City,Cairo,Greater Cairo,B,82400.0,2024-04-11,Active,1.56
A0411,Nasr City Pharmacy 03,Pharmacy,T11,Nasr City,Cairo,Greater Cairo,C,40500.0,2023-06-19,Active,1.01
A0412,Nasr City Pharmacy 04,Pharmacy,T11,Nasr City,Cairo,Greater Cairo,C,44400.0,2023-02-25,Active,0.98
A0413,Nasr City Clinic 05,Clinic,T11,Nasr City,Cairo,Greater Cairo,C,48400.0,2023-02-16,Active,1.09
A0414,Nasr City Pharmacy 06,Pharmacy,T11,Nasr City,Cairo,Greater Cairo,B,115100.0,2023-03-16,Active,1.56
A0415,Nasr City Pharmacy 07,Pharmacy,T11,Nasr City,Cairo,Greater Cairo,B,96200.0,2024-08-04,Active,1.14
A0416,Nasr City Pharmacy 08,Pharmacy,T11,Nasr City,Cairo,Greater Cairo,B,114200.0,2024-11-13,Active,1.48
A0417,Nasr City Pharmacy 09,Pharmacy,T11,Nasr City,Cairo,Greater Cairo,B,99900.0,2022-11-22,Active,1.38
A0418,Nasr City Pharmacy 10,Pharmacy,T11,Nasr City,Cairo,Greater Cairo,B,79300.0,2023-04-20,Active,1.28
A0419,Nasr City Pharmacy 11,Pharmacy,T11,Nasr City,Cairo,Greater Cairo,A,223500.0,2023-10-29,Active,1.99
A0420,Nasr City Pharmacy 12,Pharmacy,T11,Nasr City,Cairo,Greater Cairo,C,48400.0,2024-11-16,Active,0.88
A0421,Nasr City Pharmacy 13,Pharmacy,T11,Nasr City,Cairo,Greater Cairo,C,42400.0,2023-01-09,Active,1.05
A0422,Nasr City Distributor 14,Distributor,T11,Nasr City,Cairo,Greater Cairo,A,224100.0,2023-01-07,Active,2.05
A0423,Nasr City Pharmacy 15,Pharmacy,T11,Nasr City,Cairo,Greater Cairo,A,160500.0,2023-05-03,Active,2.03
A0424,Nasr City Distributor 16,Distributor,T11,Nasr City,Cairo,Greater Cairo,B,109100.0,2022-10-02,Active,1.13
A0425,Nasr City Pharmacy 17,Pharmacy,T11,Nasr City,Cairo,Greater Cairo,B,85500.0,2022-07-30,Active,1.1
A0426,Nasr City Pharmacy 18,Pharmacy,T11,Nasr City,Cairo,Greater Cairo,B,78200.0,2024-04-11,Active,1.29
A0427,Nasr City Pharmacy 19,Pharmacy,T11,Nasr City,Cairo,Greater Cairo,A,176800.0,2023-08-16,Active,2.02
A0428,Nasr City Pharmacy 20,Pharmacy,T11,Nasr City,Cairo,Greater Cairo,B,93000.0,2022-10-19,Active,1.18
A0429,Nasr City Pharmacy 21,Pharmacy,T11,Nasr City,Cairo,Greater Cairo,C,53300.0,2024-06-13,Active,0.95
A0430,Nasr City Pharmacy 22,Pharmacy,T11,Nasr City,Cairo,Greater Cairo,B,111200.0,2023-04-04,Active,1.39
A0431,Nasr City Pharmacy 23,Pharmacy,T11,Nasr City,Cairo,Greater Cairo,B,106900.0,2023-05-13,Active,1.25
A0432,Nasr City Pharmacy 24,Pharmacy,T11,Nasr City,Cairo,Greater Cairo,B,100200.0,2022-09-03,Active,1.31
A0433,Nasr City Pharmacy 25,Pharmacy,T11,Nasr City,Cairo,Greater Cairo,B,90200.0,2024-11-03,Active,1.19
A0434,Nasr City Pharmacy 26,Pharmacy,T11,Nasr City,Cairo,Greater Cairo,A,220600.0,2024-09-04,Active,2.28
A0435,Nasr City Distributor 27,Distributor,T11,Nasr City,Cairo,Greater Cairo,B,85100.0,2024-10-04,Active,1.44
A0436,Nasr City Hospital 28,Hospital,T11,Nasr City,Cairo,Greater Cairo,C,46900.0,2024-11-27,Active,0.91
A0437,Nasr City Clinic 29,Clinic,T11,Nasr City,Cairo,Greater Cairo,C,38600.0,2023-12-01,Active,1.0
A0438,Nasr City Pharmacy 30,Pharmacy,T11,Nasr City,Cairo,Greater Cairo,C,38600.0,2023-03-22,Active,1.05
A0439,Nasr City Pharmacy 31,Pharmacy,T11,Nasr City,Cairo,Greater Cairo,A,208400.0,2024-06-21,Active,1.65
A0440,Nasr City Pharmacy 32,Pharmacy,T11,Nasr City,Cairo,Greater Cairo,C,43300.0,2024-11-14,Active,1.08
A0441,Nasr City Clinic 33,Clinic,T11,Nasr City,Cairo,Greater Cairo,A,195600.0,2023-10-14,Active,1.98
A0442,Nasr City Hospital 34,Hospital,T11,Nasr City,Cairo,Greater Cairo,B,83600.0,2022-09-01,Active,1.6
A0443,Nasr City Pharmacy 35,Pharmacy,T11,Nasr City,Cairo,Greater Cairo,C,47200.0,2024-08-18,Active,0.86
A0444,Nasr City Clinic 36,Clinic,T11,Nasr City,Cairo,Greater Cairo,C,44800.0,2023-11-07,Active,1.04
A0445,Nasr City Pharmacy 37,Pharmacy,T11,Nasr City,Cairo,Greater Cairo,B,107100.0,2024-06-18,Active,1.2
A0446,Nasr City Pharmacy 38,Pharmacy,T11,Nasr City,Cairo,Greater Cairo,C,37300.0,2024-01-12,Active,0.84
A0447,Nasr City Pharmacy 39,Pharmacy,T11,Nasr City,Cairo,Greater Cairo,A,195400.0,2024-06-02,Active,2.02
A0448,Nasr City Pharmacy 40,Pharmacy,T11,Nasr City,Cairo,Greater Cairo,B,83600.0,2023-01-20,Active,1.25
A0449,Nasr City Pharmacy 41,Pharmacy,T11,Nasr City,Cairo,Greater Cairo,C,42200.0,2023-09-17,Active,0.9
A0450,Nasr City Pharmacy 42,Pharmacy,T11,Nasr City,Cairo,Greater Cairo,A,210400.0,2023-07-14,Active,1.89
A0451,Nasr City Pharmacy 43,Pharmacy,T11,Nasr City,Cairo,Greater Cairo,A,206800.0,2024-05-21,Active,2.09
A0452,Nasr City Pharmacy 44,Pharmacy,T11,Nasr City,Cairo,Greater Cairo,B,87100.0,2023-10-03,Active,1.25
A0453,Nasr City Pharmacy 45,Pharmacy,T11,Nasr City,Cairo,Greater Cairo,C,42900.0,2024-07-29,Active,1.06
A0454,Nasr City Distributor 46,Distributor,T11,Nasr City,Cairo,Greater Cairo,A,209600.0,2024-08-13,Active,2.2
A0455,Nasr City Pharmacy 47,Pharmacy,T11,Nasr City,Cairo,Greater Cairo,B,81200.0,2024-07-31,Active,1.51
A0456,Nasr City Pharmacy 48,Pharmacy,T11,Nasr City,Cairo,Greater Cairo,A,166000.0,2024-11-29,Active,2.11
A0457,Heliopolis Clinic 01,Clinic,T12,Heliopolis,Cairo,Greater Cairo,B,98900.0,2024-01-28,Active,1.56
A0458,Heliopolis Pharmacy 02,Pharmacy,T12,Heliopolis,Cairo,Greater Cairo,C,45800.0,2024-10-02,Active,1.14
A0459,Heliopolis Clinic 03,Clinic,T12,Heliopolis,Cairo,Greater Cairo,B,95500.0,2024-09-12,Active,1.1
A0460,Heliopolis Distributor 04,Distributor,T12,Heliopolis,Cairo,Greater Cairo,C,37200.0,2022-11-30,Active,0.83
A0461,Heliopolis Distributor 05,Distributor,T12,Heliopolis,Cairo,Greater Cairo,B,96600.0,2024-08-04,Active,1.27
A0462,Heliopolis Pharmacy 06,Pharmacy,T12,Heliopolis,Cairo,Greater Cairo,B,110800.0,2022-11-28,Active,1.14
A0463,Heliopolis Pharmacy 07,Pharmacy,T12,Heliopolis,Cairo,Greater Cairo,B,100800.0,2023-12-17,Active,1.5
A0464,Heliopolis Pharmacy 08,Pharmacy,T12,Heliopolis,Cairo,Greater Cairo,B,77900.0,2023-03-12,Active,1.15
A0465,Heliopolis Pharmacy 09,Pharmacy,T12,Heliopolis,Cairo,Greater Cairo,C,53500.0,2023-10-31,Active,0.83
A0466,Heliopolis Distributor 10,Distributor,T12,Heliopolis,Cairo,Greater Cairo,B,100700.0,2023-04-22,Active,1.34
A0467,Heliopolis Pharmacy 11,Pharmacy,T12,Heliopolis,Cairo,Greater Cairo,C,44500.0,2024-10-28,Active,0.8
A0468,Heliopolis Distributor 12,Distributor,T12,Heliopolis,Cairo,Greater Cairo,C,45300.0,2023-05-12,Active,0.88
A0469,Heliopolis Clinic 13,Clinic,T12,Heliopolis,Cairo,Greater Cairo,B,92100.0,2024-08-07,Active,1.41
A0470,Heliopolis Clinic 14,Clinic,T12,Heliopolis,Cairo,Greater Cairo,C,41200.0,2024-04-03,Active,0.99
A0471,Heliopolis Pharmacy 15,Pharmacy,T12,Heliopolis,Cairo,Greater Cairo,A,148400.0,2023-09-06,Active,1.93
A0472,Heliopolis Pharmacy 16,Pharmacy,T12,Heliopolis,Cairo,Greater Cairo,C,51800.0,2024-05-06,Active,0.93
A0473,Heliopolis Pharmacy 17,Pharmacy,T12,Heliopolis,Cairo,Greater Cairo,B,91600.0,2023-09-30,Active,1.31
A0474,Heliopolis Pharmacy 18,Pharmacy,T12,Heliopolis,Cairo,Greater Cairo,C,48800.0,2024-07-16,Active,0.8
A0475,Heliopolis Hospital 19,Hospital,T12,Heliopolis,Cairo,Greater Cairo,C,41300.0,2023-11-08,Active,0.83
A0476,Heliopolis Distributor 20,Distributor,T12,Heliopolis,Cairo,Greater Cairo,B,102800.0,2023-10-04,Active,1.11
A0477,Heliopolis Clinic 21,Clinic,T12,Heliopolis,Cairo,Greater Cairo,B,104100.0,2023-01-28,Active,1.17
A0478,Heliopolis Pharmacy 22,Pharmacy,T12,Heliopolis,Cairo,Greater Cairo,B,107500.0,2023-12-28,Active,1.34
A0479,Heliopolis Pharmacy 23,Pharmacy,T12,Heliopolis,Cairo,Greater Cairo,B,107400.0,2023-11-16,Active,1.3
A0480,Heliopolis Clinic 24,Clinic,T12,Heliopolis,Cairo,Greater Cairo,C,46400.0,2023-01-07,Active,0.82
A0481,Heliopolis Clinic 25,Clinic,T12,Heliopolis,Cairo,Greater Cairo,B,98800.0,2023-12-31,Active,1.07
A0482,Heliopolis Clinic 26,Clinic,T12,Heliopolis,Cairo,Greater Cairo,C,38400.0,2023-03-15,Active,0.81
A0483,Heliopolis Pharmacy 27,Pharmacy,T12,Heliopolis,Cairo,Greater Cairo,C,48200.0,2022-12-04,Active,1.02
A0484,Heliopolis Pharmacy 28,Pharmacy,T12,Heliopolis,Cairo,Greater Cairo,C,46900.0,2023-02-07,Active,0.94
A0485,Heliopolis Hospital 29,Hospital,T12,Heliopolis,Cairo,Greater Cairo,C,37600.0,2023-01-01,Active,1.02
A0486,Heliopolis Pharmacy 30,Pharmacy,T12,Heliopolis,Cairo,Greater Cairo,C,44800.0,2024-04-06,Active,0.94
A0487,Heliopolis Pharmacy 31,Pharmacy,T12,Heliopolis,Cairo,Greater Cairo,C,44300.0,2022-08-16,Active,1.05
A0488,Heliopolis Hospital 32,Hospital,T12,Heliopolis,Cairo,Greater Cairo,B,103400.0,2022-08-26,Active,1.41
A0489,Heliopolis Pharmacy 33,Pharmacy,T12,Heliopolis,Cairo,Greater Cairo,C,40300.0,2023-01-21,Active,0.87
A0490,Heliopolis Clinic 34,Clinic,T12,Heliopolis,Cairo,Greater Cairo,B,95000.0,2022-12-19,Active,1.42
A0491,Heliopolis Clinic 35,Clinic,T12,Heliopolis,Cairo,Greater Cairo,B,94400.0,2024-07-06,Active,1.48
A0492,Heliopolis Clinic 36,Clinic,T12,Heliopolis,Cairo,Greater Cairo,C,43300.0,2023-11-29,Active,0.85
A0493,Heliopolis Pharmacy 37,Pharmacy,T12,Heliopolis,Cairo,Greater Cairo,C,38600.0,2022-09-13,Active,1.04
A0494,Heliopolis Clinic 38,Clinic,T12,Heliopolis,Cairo,Greater Cairo,B,106900.0,2023-04-01,Active,1.51
A0495,Heliopolis Clinic 39,Clinic,T12,Heliopolis,Cairo,Greater Cairo,C,46900.0,2022-10-21,Active,0.84
A0496,Heliopolis Pharmacy 40,Pharmacy,T12,Heliopolis,Cairo,Greater Cairo,B,115700.0,2024-03-01,Active,1.48
A0497,Heliopolis Distributor 41,Distributor,T12,Heliopolis,Cairo,Greater Cairo,B,100100.0,2023-08-20,Active,1.34
A0498,Heliopolis Pharmacy 42,Pharmacy,T12,Heliopolis,Cairo,Greater Cairo,C,42900.0,2022-11-23,Active,1.07
A0499,Heliopolis Distributor 43,Distributor,T12,Heliopolis,Cairo,Greater Cairo,A,170400.0,2023-08-14,Active,1.93
A0500,Heliopolis Distributor 44,Distributor,T12,Heliopolis,Cairo,Greater Cairo,B,117300.0,2022-12-03,Active,1.49
A0501,Heliopolis Hospital 45,Hospital,T12,Heliopolis,Cairo,Greater Cairo,B,93900.0,2024-01-20,Active,1.11
A0502,Heliopolis Clinic 46,Clinic,T12,Heliopolis,Cairo,Greater Cairo,B,78600.0,2024-11-08,Active,1.41
A0503,Heliopolis Distributor 47,Distributor,T12,Heliopolis,Cairo,Greater Cairo,B,90100.0,2023-04-25,Active,1.52
A0504,Heliopolis Pharmacy 48,Pharmacy,T12,Heliopolis,Cairo,Greater Cairo,A,185300.0,2023-05-03,Active,2.09
